<?xml version="1.0" encoding="UTF-8"?>
<project-private xmlns="http://www.netbeans.org/ns/project-private/1">
    <editor-bookmarks xmlns="http://www.netbeans.org/ns/editor-bookmarks/2" lastBookmarkId="0"/>
    <open-files xmlns="http://www.netbeans.org/ns/projectui-open-files/2">
        <group>
            <file>file:/C:/Users/yogan/OneDrive/Kuliah/PD/NETBEANS/kasir-kita/src/kasir/edit_barang.java</file>
            <file>file:/C:/Users/yogan/OneDrive/Kuliah/PD/NETBEANS/kasir-kita/src/kasir/Popup_transaksi.java</file>
            <file>file:/C:/Users/yogan/OneDrive/Kuliah/PD/NETBEANS/kasir-kita/src/kasir/Statistik.java</file>
            <file>file:/C:/Users/yogan/OneDrive/Kuliah/PD/NETBEANS/kasir-kita/src/kasir/transaksi.java</file>
            <file>file:/C:/Users/yogan/OneDrive/Kuliah/PD/NETBEANS/kasir-kita/src/login/Config.java</file>
            <file>file:/C:/Users/yogan/OneDrive/Kuliah/PD/NETBEANS/kasir-kita/src/admin/edit_supplier.java</file>
            <file>file:/C:/Users/yogan/OneDrive/Kuliah/PD/NETBEANS/kasir-kita/src/admin/riwayat_admin.java</file>
            <file>file:/C:/Users/yogan/OneDrive/Kuliah/PD/NETBEANS/kasir-kita/src/kasir/menu_kasir.java</file>
            <file>file:/C:/Users/yogan/OneDrive/Kuliah/PD/NETBEANS/kasir-kita/src/admin/menu_admin.java</file>
            <file>file:/C:/Users/yogan/OneDrive/Kuliah/PD/NETBEANS/kasir-kita/src/login/logout.java</file>
            <file>file:/C:/Users/yogan/OneDrive/Kuliah/PD/NETBEANS/kasir-kita/src/admin/edit_user.java</file>
            <file>file:/C:/Users/yogan/OneDrive/Kuliah/PD/NETBEANS/kasir-kita/src/admin/edit_barang.java</file>
            <file>file:/C:/Users/yogan/OneDrive/Kuliah/PD/NETBEANS/kasir-kita/src/kasir/riwayat.java</file>
            <file>file:/C:/Users/yogan/OneDrive/Kuliah/PD/NETBEANS/kasir-kita/src/login/login.java</file>
            <file>file:/C:/Users/yogan/OneDrive/Kuliah/PD/NETBEANS/kasir-kita/src/kasir/report.jrxml</file>
        </group>
    </open-files>
</project-private>
